,Date&Time,Pressure (kPa),Air Temp (oC),Relative Humidity (%),Wind Speed (m/s),Wind directions (degrees),Incoming Radiation (W/m2),Rainfall (mm)
0,1/11/2020 0:00,100.94,25.28,95.45,0.00,,0.00,0.00
1,1/11/2020 1:00,100.88,25.41,94.83,0.00,,0.00,0.00
2,1/11/2020 2:00,100.79,25.54,93.00,0.00,,0.00,0.00
3,1/11/2020 3:00,100.71,25.60,92.75,0.00,,0.00,0.00
4,1/11/2020 4:00,100.68,25.74,89.25,0.22,270.00,0.00,0.00
5,1/11/2020 5:00,100.74,25.92,88.33,0.39,225.00,0.00,0.00
6,1/11/2020 6:00,100.81,25.88,89.25,1.27,225.00,0.67,0.00
7,1/11/2020 7:00,100.88,25.40,92.25,1.10,225.00,53.50,0.00
8,1/11/2020 8:00,100.99,26.68,89.83,0.32,247.50,165.58,0.00
9,1/11/2020 9:00,101.00,28.23,84.75,0.45,213.75,262.33,0.00
10,1/11/2020 10:00,101.02,28.75,81.25,0.49,225.00,332.08,0.00
11,1/11/2020 11:00,101.00,29.31,77.17,1.21,202.50,520.75,0.00
12,1/11/2020 12:00,100.90,29.92,73.50,2.08,180.00,857.42,0.00
13,1/11/2020 13:00,100.78,30.15,72.50,2.67,180.00,868.67,0.00
14,1/11/2020 14:00,100.68,30.23,72.75,2.23,202.50,795.75,0.00
15,1/11/2020 15:00,100.59,30.34,68.58,2.41,202.50,680.58,0.00
16,1/11/2020 16:00,100.60,29.96,72.83,1.98,191.25,235.67,0.00
17,1/11/2020 17:00,100.61,28.88,81.50,1.40,202.50,58.50,0.00
18,1/11/2020 18:00,100.69,28.58,81.75,1.32,202.50,17.42,0.00
19,1/11/2020 19:00,100.76,28.39,83.33,0.25,202.50,0.00,0.00
20,1/11/2020 20:00,100.80,28.30,83.42,0.03,281.25,0.00,0.00
21,1/11/2020 21:00,100.90,28.01,83.25,0.10,292.50,0.00,0.00
22,1/11/2020 22:00,100.96,27.52,82.58,0.00,315.00,0.00,0.00
23,1/11/2020 23:00,100.95,27.27,82.25,0.00,292.50,0.00,0.00
24,2/11/2020 0:00,100.90,26.85,83.82,0.00,315.00,0.00,0.00
25,2/11/2020 1:00,100.83,26.33,86.75,0.03,337.50,0.00,0.00
26,2/11/2020 2:00,100.75,26.18,87.75,0.10,337.50,0.00,0.00
27,2/11/2020 3:00,100.68,26.18,88.00,0.00,315.00,0.00,0.00
28,2/11/2020 4:00,100.70,26.33,88.00,0.00,292.50,0.00,0.00
29,2/11/2020 5:00,100.72,26.58,87.42,0.07,292.50,0.00,0.00
30,2/11/2020 6:00,100.73,26.57,86.92,0.13,292.50,1.00,0.00
31,2/11/2020 7:00,100.81,27.10,85.83,0.03,292.50,55.17,0.00
32,2/11/2020 8:00,100.87,28.14,82.92,0.27,292.50,133.17,0.00
33,2/11/2020 9:00,100.96,29.53,78.08,0.66,292.50,201.33,0.00
34,2/11/2020 10:00,100.98,30.29,73.33,1.02,292.50,322.58,0.00
35,2/11/2020 11:00,100.95,31.52,69.00,0.61,303.75,666.67,0.00
36,2/11/2020 12:00,100.88,32.13,66.75,0.38,292.50,675.75,0.00
37,2/11/2020 13:00,100.78,32.00,68.50,0.76,180.00,593.75,0.00
38,2/11/2020 14:00,100.67,31.08,72.75,1.27,180.00,311.92,0.00
39,2/11/2020 15:00,100.67,27.12,86.42,1.73,45.00,19.33,0.20
40,2/11/2020 16:00,100.70,26.09,89.67,0.28,315.00,30.75,0.00
41,2/11/2020 17:00,100.77,24.76,91.17,2.69,337.50,23.00,0.00
42,2/11/2020 18:00,100.74,24.27,93.17,1.99,337.50,10.00,0.00
43,2/11/2020 19:00,100.79,25.13,91.75,1.36,337.50,0.00,0.00
44,2/11/2020 20:00,100.86,25.60,91.75,1.11,337.50,0.00,0.00
45,2/11/2020 21:00,100.95,25.87,90.25,0.61,337.50,0.00,0.00
46,2/11/2020 22:00,101.01,26.36,89.00,0.14,303.75,0.00,0.00
47,2/11/2020 23:00,101.00,26.23,90.33,0.54,337.50,0.00,0.00
48,3/11/2020 0:00,100.98,26.42,89.36,0.66,292.50,0.00,0.00
49,3/11/2020 1:00,100.96,26.53,89.50,0.24,315.00,0.00,0.00
50,3/11/2020 2:00,100.87,26.39,90.33,0.07,292.50,0.00,0.00
51,3/11/2020 3:00,100.84,26.30,91.25,0.11,270.00,0.00,0.00
52,3/11/2020 4:00,100.87,26.39,91.00,0.00,247.50,0.00,0.00
53,3/11/2020 5:00,100.88,26.59,90.00,0.00,,0.00,0.00
54,3/11/2020 6:00,100.87,26.38,90.92,0.00,,0.33,0.00
55,3/11/2020 7:00,100.92,26.52,91.25,0.00,,42.00,0.00
56,3/11/2020 8:00,100.99,27.32,89.00,0.00,,94.08,0.00
57,3/11/2020 9:00,101.04,27.93,87.33,0.11,168.75,127.42,0.00
58,3/11/2020 10:00,101.03,27.48,89.83,0.23,135.00,196.17,0.00
59,3/11/2020 11:00,101.02,28.65,84.75,0.00,180.00,308.75,0.00
60,3/11/2020 12:00,100.93,29.73,77.83,0.18,292.50,332.75,0.00
61,3/11/2020 13:00,100.80,29.68,79.00,0.03,270.00,259.08,0.00
62,3/11/2020 14:00,100.73,29.06,83.58,0.85,157.50,312.83,0.00
63,3/11/2020 15:00,100.69,28.38,86.08,0.42,135.00,185.67,0.00
64,3/11/2020 16:00,100.63,28.96,83.75,0.07,135.00,193.25,0.00
65,3/11/2020 17:00,100.61,28.95,83.75,0.00,67.50,121.17,0.00
66,3/11/2020 18:00,100.67,28.45,85.33,0.10,22.50,27.42,0.00
67,3/11/2020 19:00,100.73,27.58,89.67,0.10,315.00,0.00,0.40
68,3/11/2020 20:00,100.80,27.31,91.08,0.00,,0.00,0.00
69,3/11/2020 21:00,100.89,27.27,90.75,0.03,337.50,0.00,0.00
70,3/11/2020 22:00,100.94,27.12,91.58,0.00,315.00,0.00,0.00
71,3/11/2020 23:00,100.99,27.20,90.67,0.00,,0.00,0.00
72,4/11/2020 0:00,100.95,27.08,90.82,0.00,,0.00,0.00
73,4/11/2020 1:00,100.91,26.92,91.42,0.00,,0.00,0.00
74,4/11/2020 2:00,100.83,26.80,91.42,0.00,,0.00,0.00
75,4/11/2020 3:00,100.81,26.41,91.17,0.03,202.50,0.00,1.00
76,4/11/2020 4:00,100.79,25.28,91.33,0.00,,0.00,0.00
77,4/11/2020 5:00,100.90,24.22,95.25,2.28,202.50,0.00,22.80
78,4/11/2020 6:00,100.95,23.93,98.50,0.68,202.50,0.00,5.60
79,4/11/2020 7:00,101.00,23.95,98.25,0.25,270.00,0.58,2.20
80,4/11/2020 8:00,101.07,24.00,98.08,0.18,303.75,15.83,2.40
81,4/11/2020 9:00,101.08,24.05,98.33,0.07,281.25,43.00,0.40
82,4/11/2020 10:00,101.11,24.36,97.58,0.10,0.00,65.17,0.00
83,4/11/2020 11:00,101.14,24.51,96.50,0.62,315.00,93.92,0.00
84,4/11/2020 12:00,101.09,24.79,94.92,0.69,315.00,130.67,0.00
85,4/11/2020 13:00,100.99,25.32,93.33,0.42,315.00,222.25,0.00
86,4/11/2020 14:00,100.87,26.08,89.67,0.07,315.00,312.00,0.20
87,4/11/2020 15:00,100.77,26.71,86.92,0.00,315.00,263.75,0.00
88,4/11/2020 16:00,100.69,26.73,86.00,0.00,303.75,173.08,0.00
89,4/11/2020 17:00,100.67,26.27,87.50,0.03,315.00,90.33,0.00
90,4/11/2020 18:00,100.71,25.75,89.33,0.00,315.00,19.08,0.00
91,4/11/2020 19:00,100.77,25.46,90.58,0.00,,0.00,0.00
92,4/11/2020 20:00,100.82,25.43,90.17,0.07,337.50,0.00,0.00
93,4/11/2020 21:00,100.88,25.33,90.50,0.23,337.50,0.00,0.00
94,4/11/2020 22:00,100.95,25.37,89.58,0.10,315.00,0.00,0.00
95,4/11/2020 23:00,100.95,25.43,89.25,0.00,292.50,0.00,0.00
96,5/11/2020 0:00,100.91,25.35,90.27,0.00,,0.00,0.00
97,5/11/2020 1:00,100.89,25.04,92.75,0.00,0.00,0.00,0.00
98,5/11/2020 2:00,100.85,25.08,92.17,0.03,315.00,0.00,0.00
99,5/11/2020 3:00,100.81,24.95,93.58,0.00,0.00,0.00,0.00
100,5/11/2020 4:00,100.79,24.99,92.08,0.00,315.00,0.00,0.00
101,5/11/2020 5:00,100.78,24.95,92.25,0.10,337.50,0.00,0.00
102,5/11/2020 6:00,100.81,24.98,91.58,0.18,337.50,0.17,0.00
103,5/11/2020 7:00,100.87,25.18,91.00,0.03,315.00,44.58,0.00
104,5/11/2020 8:00,100.96,26.38,86.17,0.00,315.00,155.67,0.00
105,5/11/2020 9:00,101.04,27.68,81.42,0.00,,237.42,0.00
106,5/11/2020 10:00,101.03,28.81,76.50,0.07,315.00,267.67,0.00
107,5/11/2020 11:00,101.01,30.43,70.67,0.00,45.00,768.42,0.00
108,5/11/2020 12:00,100.95,31.53,66.67,0.21,157.50,931.67,0.00
109,5/11/2020 13:00,100.87,31.24,67.25,0.52,135.00,586.17,0.00
110,5/11/2020 14:00,100.80,31.06,66.75,1.67,157.50,780.92,0.00
111,5/11/2020 15:00,100.74,31.15,64.92,1.03,135.00,542.00,0.00
112,5/11/2020 16:00,100.68,31.30,67.33,0.14,135.00,400.08,0.00
113,5/11/2020 17:00,100.70,30.08,71.75,0.68,135.00,153.92,0.00
114,5/11/2020 18:00,100.72,29.23,76.50,0.10,112.50,29.42,0.00
115,5/11/2020 19:00,100.77,28.77,77.83,0.00,45.00,0.00,0.00
116,5/11/2020 20:00,100.85,28.33,80.67,0.00,45.00,0.00,0.00
117,5/11/2020 21:00,100.96,28.13,82.00,0.03,45.00,0.00,0.00
118,5/11/2020 22:00,101.02,27.88,83.42,0.00,45.00,0.00,0.00
119,5/11/2020 23:00,101.03,27.71,84.92,0.00,67.50,0.00,0.00
120,6/11/2020 0:00,100.99,27.55,85.00,0.00,22.50,0.00,0.00
121,6/11/2020 1:00,100.90,27.38,85.75,0.00,67.50,0.00,0.00
122,6/11/2020 2:00,100.84,27.78,83.92,0.00,,0.00,0.00
123,6/11/2020 3:00,100.79,27.30,85.17,0.00,45.00,0.00,0.00
124,6/11/2020 4:00,100.77,27.05,87.00,0.00,,0.00,0.00
125,6/11/2020 5:00,100.79,26.93,88.75,0.00,,0.00,0.00
126,6/11/2020 6:00,100.85,26.93,89.42,0.00,45.00,0.50,0.00
127,6/11/2020 7:00,100.90,27.16,89.00,0.00,56.25,40.50,0.00
128,6/11/2020 8:00,100.99,28.73,82.08,0.00,,109.92,0.00
129,6/11/2020 9:00,101.06,29.45,77.92,0.03,112.50,217.58,0.00
130,6/11/2020 10:00,101.00,29.61,77.92,0.34,135.00,400.92,0.00
131,6/11/2020 11:00,100.97,30.21,77.17,0.24,135.00,615.75,0.00
132,6/11/2020 12:00,100.89,30.44,73.58,0.33,135.00,627.08,0.00
133,6/11/2020 13:00,100.78,30.76,72.92,0.83,157.50,747.00,0.00
134,6/11/2020 14:00,100.71,30.32,76.25,1.23,168.75,612.17,0.00
135,6/11/2020 15:00,100.64,30.58,75.67,0.87,157.50,619.25,0.00
136,6/11/2020 16:00,100.58,30.73,73.33,0.61,135.00,459.67,0.00
137,6/11/2020 17:00,100.58,30.66,70.67,0.65,135.00,243.58,0.00
138,6/11/2020 18:00,100.64,29.87,73.00,0.07,135.00,27.58,0.00
139,6/11/2020 19:00,100.73,29.23,75.33,0.00,56.25,0.00,0.00
140,6/11/2020 20:00,100.80,28.82,78.83,0.00,56.25,0.00,0.00
141,6/11/2020 21:00,100.89,28.66,77.83,0.00,67.50,0.00,0.00
142,6/11/2020 22:00,100.96,28.73,77.75,0.00,,0.00,0.00
143,6/11/2020 23:00,100.93,28.39,83.08,0.00,315.00,0.00,0.00
144,7/11/2020 0:00,100.89,27.95,87.18,0.00,,0.00,0.00
145,7/11/2020 1:00,100.83,27.93,85.92,0.00,315.00,0.00,0.00
146,7/11/2020 2:00,100.76,27.61,87.75,0.00,191.25,0.00,0.00
147,7/11/2020 3:00,100.74,27.43,89.17,0.00,,0.00,0.00
148,7/11/2020 4:00,100.71,27.24,90.00,0.00,,0.00,0.00
149,7/11/2020 5:00,100.72,27.25,89.67,0.11,157.50,0.00,0.00
150,7/11/2020 6:00,100.78,25.83,92.42,0.70,135.00,0.83,2.60
151,7/11/2020 7:00,100.88,25.56,95.00,0.40,337.50,19.92,0.60
152,7/11/2020 8:00,100.97,24.88,96.75,2.08,337.50,67.92,0.20
153,7/11/2020 9:00,101.00,25.67,94.83,0.88,326.25,228.08,0.00
154,7/11/2020 10:00,101.07,26.13,91.17,1.41,202.50,103.00,0.00
155,7/11/2020 11:00,101.07,24.48,93.50,1.26,202.50,93.33,0.20
156,7/11/2020 12:00,100.94,25.18,93.25,0.36,292.50,91.58,0.00
157,7/11/2020 13:00,100.85,25.55,92.33,0.22,292.50,142.33,0.00
158,7/11/2020 14:00,100.76,25.38,92.67,0.11,315.00,71.75,0.00
159,7/11/2020 15:00,100.75,25.45,93.58,0.07,315.00,107.67,0.00
160,7/11/2020 16:00,100.71,25.58,94.00,0.03,315.00,93.50,0.20
161,7/11/2020 17:00,100.65,25.48,94.75,0.14,315.00,58.25,0.00
162,7/11/2020 18:00,100.70,25.32,95.08,0.38,315.00,16.00,0.00
163,7/11/2020 19:00,100.75,25.10,95.92,0.13,292.50,0.00,0.00
164,7/11/2020 20:00,100.81,25.13,95.33,0.32,315.00,0.00,0.00
165,7/11/2020 21:00,100.87,25.17,95.08,0.42,315.00,0.00,0.00
166,7/11/2020 22:00,100.91,25.17,95.42,0.66,315.00,0.00,0.00
167,7/11/2020 23:00,100.94,25.07,96.00,0.33,315.00,0.00,0.00
168,8/11/2020 0:00,100.92,25.04,96.00,0.04,315.00,0.00,0.00
169,8/11/2020 1:00,100.85,25.12,95.25,0.00,,0.00,0.00
170,8/11/2020 2:00,100.74,25.28,92.67,0.00,,0.00,0.00
171,8/11/2020 3:00,100.72,25.37,92.42,0.00,,0.00,0.00
172,8/11/2020 4:00,100.74,25.39,91.75,0.07,270.00,0.00,0.00
173,8/11/2020 5:00,100.78,25.22,92.58,0.43,247.50,0.00,2.40
174,8/11/2020 6:00,100.86,24.42,95.25,0.95,202.50,0.00,0.00
175,8/11/2020 7:00,100.87,24.27,94.00,0.33,180.00,45.08,0.00
176,8/11/2020 8:00,100.94,25.48,92.42,0.10,202.50,171.58,0.00
177,8/11/2020 9:00,101.00,26.54,90.08,0.10,225.00,270.92,0.00
178,8/11/2020 10:00,101.02,27.53,86.42,0.14,213.75,317.33,0.00
179,8/11/2020 11:00,101.02,28.65,82.00,0.28,225.00,338.75,0.20
180,8/11/2020 12:00,100.95,28.59,80.92,1.06,202.50,352.92,0.00
181,8/11/2020 13:00,100.87,27.77,85.33,0.57,292.50,184.33,0.20
182,8/11/2020 14:00,100.76,25.55,95.25,0.03,315.00,120.25,0.60
183,8/11/2020 15:00,100.64,26.22,94.50,0.00,326.25,327.92,0.00
184,8/11/2020 16:00,100.60,28.69,84.50,0.00,236.25,324.58,0.00
185,8/11/2020 17:00,100.62,28.66,82.33,0.00,292.50,137.25,0.00
186,8/11/2020 18:00,100.65,27.43,87.00,0.03,292.50,32.58,0.20
187,8/11/2020 19:00,100.75,26.98,87.92,0.00,,0.00,0.00
188,8/11/2020 20:00,100.83,26.90,89.42,0.00,,0.00,0.00
189,8/11/2020 21:00,100.90,26.79,91.00,0.00,,0.00,0.00
190,8/11/2020 22:00,100.96,26.70,92.67,0.00,,0.00,0.00
191,8/11/2020 23:00,100.91,26.54,93.00,0.00,,0.00,0.00
192,9/11/2020 0:00,100.85,26.37,92.91,0.00,,0.00,0.00
193,9/11/2020 1:00,100.81,26.38,91.75,0.00,281.25,0.00,0.00
194,9/11/2020 2:00,100.73,26.23,92.17,0.00,180.00,0.00,0.00
195,9/11/2020 3:00,100.71,25.67,92.67,0.18,191.25,0.00,0.00
196,9/11/2020 4:00,100.68,24.82,94.42,0.00,,0.00,0.00
197,9/11/2020 5:00,100.67,25.08,94.75,0.00,202.50,0.00,0.00
198,9/11/2020 6:00,100.69,25.16,95.00,0.00,202.50,0.25,0.00
199,9/11/2020 7:00,100.79,25.48,94.25,0.00,202.50,42.58,0.00
200,9/11/2020 8:00,100.90,26.38,92.00,0.03,292.50,124.25,0.00
201,9/11/2020 9:00,100.98,27.13,88.67,0.00,281.25,210.42,0.00
202,9/11/2020 10:00,100.96,27.23,88.25,0.25,202.50,228.33,0.00
203,9/11/2020 11:00,100.92,27.68,86.00,0.43,180.00,408.33,0.00
204,9/11/2020 12:00,100.85,28.53,82.33,0.38,180.00,527.92,0.00
205,9/11/2020 13:00,100.73,28.97,80.33,0.47,180.00,420.67,0.00
206,9/11/2020 14:00,100.65,28.83,82.83,0.57,157.50,439.50,0.00
207,9/11/2020 15:00,100.59,28.53,85.17,1.24,146.25,383.58,0.00
208,9/11/2020 16:00,100.57,28.23,86.17,0.63,135.00,241.33,0.00
209,9/11/2020 17:00,100.56,28.09,86.00,0.07,303.75,69.92,0.00
210,9/11/2020 18:00,100.60,27.03,88.67,0.51,315.00,17.00,0.00
211,9/11/2020 19:00,100.67,26.38,87.75,1.29,337.50,0.00,0.00
212,9/11/2020 20:00,100.74,26.14,90.50,0.36,337.50,0.00,0.00
213,9/11/2020 21:00,100.83,26.10,91.67,0.10,337.50,0.00,0.00
214,9/11/2020 22:00,100.83,26.10,91.17,0.30,337.50,0.00,0.00
215,9/11/2020 23:00,100.83,25.97,92.08,0.00,315.00,0.00,0.00
216,10/11/2020 0:00,100.79,25.90,93.00,0.00,326.25,0.00,0.00
217,10/11/2020 1:00,100.77,26.12,91.58,0.00,,0.00,0.00
218,10/11/2020 2:00,100.70,26.11,91.08,0.00,,0.00,0.00
219,10/11/2020 3:00,100.65,26.09,91.00,0.00,,0.00,0.00
220,10/11/2020 4:00,100.63,26.13,90.08,0.00,,0.00,0.00
221,10/11/2020 5:00,100.64,25.89,91.00,0.00,,0.00,0.00
222,10/11/2020 6:00,100.74,25.14,93.17,0.48,67.50,0.00,1.80
223,10/11/2020 7:00,100.80,24.53,95.67,0.00,45.00,9.50,0.40
224,10/11/2020 8:00,100.85,25.06,95.83,0.00,,93.42,0.00
225,10/11/2020 9:00,100.89,26.38,92.33,0.00,,189.42,0.00
226,10/11/2020 10:00,100.92,27.28,87.58,0.18,157.50,401.67,0.00
227,10/11/2020 11:00,100.92,27.98,83.08,1.37,157.50,543.83,0.00
228,10/11/2020 12:00,100.84,28.32,82.33,1.48,157.50,559.75,0.00
229,10/11/2020 13:00,100.74,27.83,85.08,1.91,157.50,251.75,0.00
230,10/11/2020 14:00,100.65,28.02,84.42,1.20,157.50,338.83,0.00
231,10/11/2020 15:00,100.55,28.26,82.75,0.57,157.50,342.83,0.00
232,10/11/2020 16:00,100.52,28.73,80.17,0.13,157.50,298.08,0.00
233,10/11/2020 17:00,100.56,29.00,78.75,0.00,135.00,155.17,0.00
234,10/11/2020 18:00,100.59,28.43,82.75,0.00,,24.83,0.00
235,10/11/2020 19:00,100.65,28.03,83.83,0.00,157.50,0.00,0.00
236,10/11/2020 20:00,100.69,28.05,82.17,0.00,,0.00,0.00
237,10/11/2020 21:00,100.78,27.95,84.08,0.00,,0.00,0.00
238,10/11/2020 22:00,100.81,27.68,85.25,0.00,,0.00,0.00
239,10/11/2020 23:00,100.85,27.42,87.17,0.00,,0.00,0.00
240,11/11/2020 0:00,100.84,27.02,89.09,0.00,,0.00,0.00
241,11/11/2020 1:00,100.77,26.59,90.75,0.00,,0.00,0.00
242,11/11/2020 2:00,100.69,26.28,91.42,0.00,337.50,0.00,0.00
243,11/11/2020 3:00,100.63,26.08,91.67,0.00,,0.00,0.00
244,11/11/2020 4:00,100.59,25.98,91.67,0.00,,0.00,0.00
245,11/11/2020 5:00,100.62,25.98,92.17,0.00,337.50,0.00,0.00
246,11/11/2020 6:00,100.68,25.93,92.67,0.00,,0.33,0.00
247,11/11/2020 7:00,100.77,26.45,91.00,0.00,,51.25,0.00
248,11/11/2020 8:00,100.84,27.98,87.00,0.00,,131.00,0.00
249,11/11/2020 9:00,100.88,28.73,85.58,0.00,202.50,215.67,0.00
250,11/11/2020 10:00,100.87,29.95,81.50,0.10,157.50,462.42,0.00
251,11/11/2020 11:00,100.83,30.70,76.67,0.23,135.00,629.58,0.00
252,11/11/2020 12:00,100.77,30.69,77.50,0.43,157.50,619.42,0.00
253,11/11/2020 13:00,100.70,30.32,78.75,0.65,146.25,493.00,0.00
254,11/11/2020 14:00,100.61,30.23,80.08,0.83,157.50,642.58,0.00
255,11/11/2020 15:00,100.53,30.57,77.33,0.60,146.25,551.00,0.00
256,11/11/2020 16:00,100.49,31.09,71.17,0.21,135.00,388.92,0.00
257,11/11/2020 17:00,100.48,30.86,72.67,0.03,135.00,190.17,0.00
258,11/11/2020 18:00,100.53,29.98,74.17,0.10,45.00,37.00,0.00
259,11/11/2020 19:00,100.63,29.15,75.08,0.03,45.00,0.00,0.00
260,11/11/2020 20:00,100.72,28.78,75.00,0.00,56.25,0.00,0.00
261,11/11/2020 21:00,100.78,28.40,80.00,0.00,67.50,0.00,0.00
262,11/11/2020 22:00,100.82,28.13,84.42,0.00,45.00,0.00,0.00
263,11/11/2020 23:00,100.82,28.12,84.58,0.03,45.00,0.00,0.00
264,12/11/2020 0:00,100.83,27.94,86.09,0.00,45.00,0.00,0.00
265,12/11/2020 1:00,100.80,27.83,87.00,0.00,45.00,0.00,0.00
266,12/11/2020 2:00,100.74,27.71,87.25,0.00,45.00,0.00,0.00
267,12/11/2020 3:00,100.68,27.54,88.42,0.03,45.00,0.00,0.00
268,12/11/2020 4:00,100.64,27.42,89.00,0.00,45.00,0.00,0.00
269,12/11/2020 5:00,100.63,27.39,88.25,0.00,45.00,0.00,0.00
270,12/11/2020 6:00,100.71,27.31,88.00,0.00,45.00,0.42,0.00
271,12/11/2020 7:00,100.79,27.73,87.42,0.00,67.50,22.33,0.00
272,12/11/2020 8:00,100.88,29.14,82.42,0.08,67.50,54.08,0.00
273,12/11/2020 9:00,100.93,29.98,77.17,0.34,22.50,95.00,0.00
274,12/11/2020 10:00,100.92,30.72,72.67,0.35,0.00,500.25,0.00
275,12/11/2020 11:00,100.88,32.38,65.67,0.03,67.50,675.42,0.00
276,12/11/2020 12:00,100.81,32.77,63.08,0.18,67.50,779.75,0.00
277,12/11/2020 13:00,100.70,32.58,63.17,0.28,45.00,527.58,0.00
278,12/11/2020 14:00,100.61,33.12,59.92,0.53,45.00,808.17,0.00
279,12/11/2020 15:00,100.54,33.76,57.50,0.28,22.50,684.58,0.00
280,12/11/2020 16:00,100.52,33.18,62.25,0.44,45.00,461.08,0.00
281,12/11/2020 17:00,100.53,31.50,69.58,0.35,22.50,160.83,0.00
282,12/11/2020 18:00,100.55,30.64,71.08,0.38,0.00,52.33,0.00
283,12/11/2020 19:00,100.61,29.70,73.92,0.76,0.00,0.00,0.00
284,12/11/2020 20:00,100.68,29.06,78.42,0.47,0.00,0.00,0.00
285,12/11/2020 21:00,100.76,28.70,81.83,0.70,157.50,0.00,0.00
286,12/11/2020 22:00,100.80,28.41,84.50,0.25,315.00,0.00,0.00
287,12/11/2020 23:00,100.80,28.19,85.00,0.96,0.00,0.00,0.00
288,13/11/2020 0:00,100.78,27.95,86.36,0.04,315.00,0.00,0.00
289,13/11/2020 1:00,100.72,27.82,87.08,0.00,292.50,0.00,0.00
290,13/11/2020 2:00,100.67,27.48,88.67,0.00,315.00,0.00,0.00
291,13/11/2020 3:00,100.62,27.12,90.00,0.00,315.00,0.00,0.00
292,13/11/2020 4:00,100.59,27.06,89.83,0.00,315.00,0.00,0.00
293,13/11/2020 5:00,100.57,26.81,91.25,0.31,337.50,0.00,0.00
294,13/11/2020 6:00,100.59,26.68,92.00,0.40,315.00,0.42,0.00
295,13/11/2020 7:00,100.66,26.85,91.67,0.43,337.50,29.58,0.00
296,13/11/2020 8:00,100.73,28.27,86.67,0.29,326.25,70.33,0.00
297,13/11/2020 9:00,100.77,29.15,82.58,1.13,315.00,192.58,0.00
298,13/11/2020 10:00,100.78,30.20,78.75,0.91,337.50,361.83,0.00
299,13/11/2020 11:00,100.77,31.06,72.67,0.32,315.00,466.08,0.00
300,13/11/2020 12:00,100.71,30.60,73.92,0.29,45.00,260.58,1.00
301,13/11/2020 13:00,100.62,31.39,75.08,0.00,22.50,841.50,0.00
302,13/11/2020 14:00,100.49,32.93,65.33,0.00,22.50,570.42,0.00
303,13/11/2020 15:00,100.38,32.70,67.75,0.11,45.00,277.33,0.00
304,13/11/2020 16:00,100.34,31.58,68.92,0.20,0.00,129.42,0.00
305,13/11/2020 17:00,100.40,30.63,72.67,0.31,11.25,32.83,0.00
306,13/11/2020 18:00,100.46,29.70,76.67,0.11,11.25,15.50,0.00
307,13/11/2020 19:00,100.54,29.19,78.25,0.28,337.50,0.00,0.00
308,13/11/2020 20:00,100.59,28.69,79.83,0.34,337.50,0.00,0.00
309,13/11/2020 21:00,100.67,28.14,84.50,0.72,337.50,0.00,0.00
310,13/11/2020 22:00,100.75,27.81,87.17,0.72,315.00,0.00,0.00
311,13/11/2020 23:00,100.76,27.56,88.00,1.25,337.50,0.00,0.00
312,14/11/2020 0:00,100.75,27.35,88.45,0.75,337.50,0.00,0.00
313,14/11/2020 1:00,100.72,27.21,89.08,0.52,337.50,0.00,0.00
314,14/11/2020 2:00,100.65,27.07,89.50,0.28,315.00,0.00,0.00
315,14/11/2020 3:00,100.58,26.87,90.08,0.31,315.00,0.00,0.00
316,14/11/2020 4:00,100.55,26.62,91.58,0.23,337.50,0.00,0.00
317,14/11/2020 5:00,100.53,26.46,91.67,0.84,337.50,0.00,0.00
318,14/11/2020 6:00,100.58,26.38,92.00,0.39,337.50,0.58,0.00
319,14/11/2020 7:00,100.65,26.68,91.25,0.03,315.00,49.08,0.00
320,14/11/2020 8:00,100.75,27.58,88.08,0.00,303.75,121.67,0.00
321,14/11/2020 9:00,100.80,28.83,82.50,0.28,337.50,169.42,0.00
322,14/11/2020 10:00,100.83,30.11,78.25,0.21,168.75,373.33,0.00
323,14/11/2020 11:00,100.79,30.53,75.83,0.10,292.50,380.17,0.00
324,14/11/2020 12:00,100.70,30.98,72.92,0.00,337.50,375.00,0.60
325,14/11/2020 13:00,100.63,27.68,84.25,0.00,135.00,190.00,4.00
326,14/11/2020 14:00,100.53,29.02,78.58,0.00,326.25,407.08,0.00
327,14/11/2020 15:00,100.47,29.02,80.00,0.00,,189.67,0.00
328,14/11/2020 16:00,100.41,28.33,83.33,0.00,292.50,243.58,0.00
329,14/11/2020 17:00,100.39,28.23,83.75,0.00,315.00,112.58,0.00
330,14/11/2020 18:00,100.45,27.34,87.33,0.00,337.50,34.67,0.00
331,14/11/2020 19:00,100.54,26.90,87.33,0.00,315.00,0.00,0.00
332,14/11/2020 20:00,100.65,26.82,89.00,0.00,,0.00,0.00
333,14/11/2020 21:00,100.74,27.06,88.50,0.00,,0.00,0.00
334,14/11/2020 22:00,100.80,27.45,87.75,0.00,,0.00,0.00
335,14/11/2020 23:00,100.83,27.73,87.50,0.00,315.00,0.00,0.00
336,15/11/2020 0:00,100.79,27.35,90.09,0.00,326.25,0.00,0.00
337,15/11/2020 1:00,100.75,27.13,91.83,0.00,337.50,0.00,0.00
338,15/11/2020 2:00,100.68,27.09,91.08,0.00,337.50,0.00,0.00
339,15/11/2020 3:00,100.62,26.91,91.00,0.00,326.25,0.00,0.00
340,15/11/2020 4:00,100.61,26.85,91.25,0.00,326.25,0.00,0.00
341,15/11/2020 5:00,100.63,26.68,91.50,0.00,326.25,0.00,0.00
342,15/11/2020 6:00,100.64,26.63,92.00,0.00,315.00,0.42,0.00
343,15/11/2020 7:00,100.72,27.08,90.58,0.00,157.50,29.67,0.00
344,15/11/2020 8:00,100.79,27.54,89.58,0.00,11.25,39.50,0.00
345,15/11/2020 9:00,100.85,27.69,88.83,0.07,11.25,61.58,0.00
346,15/11/2020 10:00,100.82,28.78,83.92,0.03,315.00,415.33,0.00
347,15/11/2020 11:00,100.81,30.58,75.42,0.13,337.50,400.17,0.00
348,15/11/2020 12:00,100.78,30.88,75.33,0.03,45.00,377.75,0.00
349,15/11/2020 13:00,100.68,29.53,82.00,0.13,45.00,480.58,0.40
350,15/11/2020 14:00,100.58,29.02,80.75,0.03,56.25,151.33,0.00
351,15/11/2020 15:00,100.52,25.69,93.58,1.26,337.50,82.75,3.80
352,15/11/2020 16:00,100.44,26.66,92.67,0.03,337.50,132.00,0.00
353,15/11/2020 17:00,100.45,27.25,90.08,0.10,11.25,88.42,0.20
354,15/11/2020 18:00,100.56,26.40,92.42,0.32,45.00,14.67,11.60
355,15/11/2020 19:00,100.64,24.60,95.67,0.58,315.00,0.00,2.20
356,15/11/2020 20:00,100.69,24.73,96.92,1.69,315.00,0.00,2.00
357,15/11/2020 21:00,100.77,24.92,95.25,1.36,337.50,0.00,0.20
358,15/11/2020 22:00,100.84,25.36,94.58,1.88,337.50,0.00,0.00
359,15/11/2020 23:00,100.86,25.43,95.58,1.78,337.50,0.00,0.40
360,16/11/2020 0:00,100.84,25.16,96.55,1.65,337.50,0.00,0.20
361,16/11/2020 1:00,100.81,25.10,97.00,1.30,337.50,0.00,0.00
362,16/11/2020 2:00,100.75,25.08,97.00,0.87,337.50,0.00,0.00
363,16/11/2020 3:00,100.70,24.81,97.58,1.70,326.25,0.00,1.40
364,16/11/2020 4:00,100.66,24.73,97.58,1.38,326.25,0.00,2.80
365,16/11/2020 5:00,100.64,24.72,97.83,0.18,315.00,0.00,0.80
366,16/11/2020 6:00,100.65,24.84,97.17,0.36,315.00,0.50,0.00
367,16/11/2020 7:00,100.73,25.03,97.00,0.24,337.50,25.92,0.00
368,16/11/2020 8:00,100.81,26.08,94.08,0.14,337.50,66.67,0.00
369,16/11/2020 9:00,100.87,27.12,89.42,0.95,337.50,197.58,0.00
370,16/11/2020 10:00,100.85,28.43,82.42,1.89,337.50,572.17,0.00
371,16/11/2020 11:00,100.84,29.71,75.58,0.93,315.00,617.08,0.00
372,16/11/2020 12:00,100.78,30.88,71.58,1.01,337.50,917.92,0.00
373,16/11/2020 13:00,100.69,31.19,69.58,0.83,337.50,611.50,0.00
374,16/11/2020 14:00,100.58,31.50,65.92,1.48,326.25,690.25,0.00
375,16/11/2020 15:00,100.47,31.70,68.17,1.02,315.00,550.42,0.00
376,16/11/2020 16:00,100.42,30.99,69.75,1.99,337.50,365.92,0.00
377,16/11/2020 17:00,100.46,29.98,70.08,1.97,326.25,209.92,0.00
378,16/11/2020 18:00,100.52,29.11,75.67,1.51,337.50,24.33,0.00
379,16/11/2020 19:00,100.60,28.46,81.83,1.03,337.50,0.00,0.00
380,16/11/2020 20:00,100.67,27.98,83.67,2.23,337.50,0.00,0.00
381,16/11/2020 21:00,100.78,27.43,82.83,1.68,315.00,0.00,0.00
382,16/11/2020 22:00,100.83,26.48,85.25,2.18,315.00,0.00,0.00
383,16/11/2020 23:00,100.81,26.15,87.50,1.13,315.00,0.00,0.00
384,17/11/2020 0:00,100.74,25.87,89.09,1.12,337.50,0.00,0.00
385,17/11/2020 1:00,100.69,25.71,90.00,0.10,315.00,0.00,0.00
386,17/11/2020 2:00,100.65,25.53,90.17,0.03,337.50,0.00,0.00
387,17/11/2020 3:00,100.62,25.43,91.00,0.13,337.50,0.00,0.00
388,17/11/2020 4:00,100.56,25.55,91.00,0.03,337.50,0.00,0.00
389,17/11/2020 5:00,100.52,25.54,91.00,0.10,315.00,0.00,0.00
390,17/11/2020 6:00,100.55,25.72,90.83,0.07,337.50,0.25,0.00
391,17/11/2020 7:00,100.62,26.17,89.92,0.00,315.00,45.17,0.00
392,17/11/2020 8:00,100.71,27.48,86.00,0.07,315.00,107.67,0.00
393,17/11/2020 9:00,100.81,28.57,81.75,0.46,337.50,135.75,0.00
394,17/11/2020 10:00,100.76,29.70,77.08,0.28,315.00,458.42,0.00
395,17/11/2020 11:00,100.71,31.13,70.33,0.07,337.50,324.92,0.00
396,17/11/2020 12:00,100.65,31.44,70.25,0.18,112.50,450.50,0.00
397,17/11/2020 13:00,100.59,28.65,82.25,1.43,157.50,117.58,0.00
398,17/11/2020 14:00,100.52,26.60,88.33,0.11,135.00,136.17,0.00
399,17/11/2020 15:00,100.45,27.59,86.25,0.00,45.00,80.83,0.00
400,17/11/2020 16:00,100.42,27.68,85.17,0.00,45.00,66.42,0.00
401,17/11/2020 17:00,100.41,27.43,86.25,0.00,45.00,29.33,0.00
402,17/11/2020 18:00,100.47,27.04,88.42,0.00,292.50,13.50,0.00
403,17/11/2020 19:00,100.54,26.35,90.58,0.00,315.00,0.00,0.00
404,17/11/2020 20:00,100.60,26.11,92.58,0.18,337.50,0.00,0.00
405,17/11/2020 21:00,100.67,25.95,93.17,0.07,337.50,0.00,0.00
406,17/11/2020 22:00,100.71,25.98,92.67,0.00,315.00,0.00,0.00
407,17/11/2020 23:00,100.69,26.00,91.67,0.00,315.00,0.00,0.00
408,18/11/2020 0:00,100.65,26.00,90.64,0.00,337.50,0.00,0.00
409,18/11/2020 1:00,100.60,25.78,92.33,0.00,303.75,0.00,0.00
410,18/11/2020 2:00,100.56,25.70,92.75,0.00,337.50,0.00,0.00
411,18/11/2020 3:00,100.50,25.70,91.50,0.00,,0.00,0.00
412,18/11/2020 4:00,100.45,25.78,91.58,0.00,,0.00,0.00
413,18/11/2020 5:00,100.47,25.73,92.08,0.00,,0.00,0.00
414,18/11/2020 6:00,100.53,25.77,91.50,0.00,,0.83,0.00
415,18/11/2020 7:00,100.60,25.74,92.00,0.00,,44.25,0.00
416,18/11/2020 8:00,100.66,26.22,90.67,0.00,,93.42,0.00
417,18/11/2020 9:00,100.69,28.34,82.67,0.00,315.00,98.83,0.00
418,18/11/2020 10:00,100.70,30.06,75.50,0.00,191.25,447.92,0.00
419,18/11/2020 11:00,100.68,30.56,73.50,0.13,168.75,659.83,0.00
420,18/11/2020 12:00,100.62,30.33,74.67,0.94,157.50,713.92,0.00
421,18/11/2020 13:00,100.51,30.79,71.42,0.53,135.00,814.75,0.00
422,18/11/2020 14:00,100.42,31.79,64.83,0.53,157.50,800.25,0.00
423,18/11/2020 15:00,100.37,31.23,66.50,0.44,146.25,419.50,0.00
424,18/11/2020 16:00,100.31,31.53,65.50,0.18,135.00,382.33,0.00
425,18/11/2020 17:00,100.35,31.74,65.75,0.08,135.00,255.42,0.00
426,18/11/2020 18:00,100.38,30.72,70.00,0.00,67.50,27.17,0.00
427,18/11/2020 19:00,100.47,29.79,75.08,0.00,303.75,0.00,0.00
428,18/11/2020 20:00,100.56,29.15,79.58,0.00,292.50,0.00,0.00
429,18/11/2020 21:00,100.65,28.29,82.75,0.24,315.00,0.00,0.00
430,18/11/2020 22:00,100.73,27.75,85.00,0.64,337.50,0.00,0.00
431,18/11/2020 23:00,100.75,27.66,86.25,0.76,337.50,0.00,0.00
432,19/11/2020 0:00,100.74,27.35,87.36,0.46,337.50,0.00,0.00
433,19/11/2020 1:00,100.70,27.24,87.33,0.21,315.00,0.00,0.00
434,19/11/2020 2:00,100.64,27.14,87.50,0.24,315.00,0.00,0.00
435,19/11/2020 3:00,100.56,26.95,88.75,0.07,337.50,0.00,0.00
436,19/11/2020 4:00,100.50,26.80,89.42,0.21,337.50,0.00,0.00
437,19/11/2020 5:00,100.50,26.48,90.83,0.07,337.50,0.00,0.00
438,19/11/2020 6:00,100.57,26.35,91.00,0.00,315.00,0.00,0.00
439,19/11/2020 7:00,100.63,26.60,90.58,0.00,326.25,42.67,0.00
440,19/11/2020 8:00,100.65,27.42,88.00,0.14,315.00,129.25,0.00
441,19/11/2020 9:00,100.71,28.43,84.00,0.00,292.50,199.92,0.00
442,19/11/2020 10:00,100.74,29.22,80.58,0.08,315.00,282.67,0.00
443,19/11/2020 11:00,100.71,30.61,76.17,0.00,337.50,468.67,0.00
444,19/11/2020 12:00,100.63,31.46,72.00,0.00,315.00,429.33,0.00
445,19/11/2020 13:00,100.54,30.66,75.17,0.33,180.00,252.25,0.00
446,19/11/2020 14:00,100.46,28.50,83.58,0.13,135.00,171.67,0.60
447,19/11/2020 15:00,100.36,28.97,80.83,0.43,135.00,457.33,0.00
448,19/11/2020 16:00,100.37,29.28,77.83,0.63,303.75,76.33,0.00
449,19/11/2020 17:00,100.46,26.29,90.08,0.28,292.50,17.00,4.60
450,19/11/2020 18:00,100.49,25.18,94.50,0.37,326.25,7.00,2.80
451,19/11/2020 19:00,100.57,25.45,93.75,0.00,0.00,0.00,0.00
452,19/11/2020 20:00,100.63,26.16,92.58,0.00,,0.00,0.00
453,19/11/2020 21:00,100.69,26.19,93.00,0.00,270.00,0.00,0.00
454,19/11/2020 22:00,100.72,26.29,91.58,0.00,,0.00,0.00
455,19/11/2020 23:00,100.72,26.65,91.50,0.00,,0.00,0.00
456,20/11/2020 0:00,100.70,26.64,90.55,0.00,,0.00,0.00
457,20/11/2020 1:00,100.66,26.35,90.83,0.00,,0.00,0.00
458,20/11/2020 2:00,100.62,26.30,88.92,0.00,281.25,0.00,0.00
459,20/11/2020 3:00,100.58,26.18,90.17,0.00,,0.00,0.00
460,20/11/2020 4:00,100.56,26.13,91.92,0.00,303.75,0.00,0.00
461,20/11/2020 5:00,100.57,26.16,91.75,0.00,,0.00,0.00
462,20/11/2020 6:00,100.57,26.05,91.75,0.00,,0.00,0.00
463,20/11/2020 7:00,100.66,26.21,91.92,0.00,225.00,40.83,0.20
464,20/11/2020 8:00,100.73,27.24,89.50,0.03,292.50,154.17,0.00
465,20/11/2020 9:00,100.79,28.18,84.58,0.03,202.50,177.42,0.00
466,20/11/2020 10:00,100.77,30.04,78.25,0.10,247.50,503.33,0.00
467,20/11/2020 11:00,100.75,30.51,75.67,0.10,270.00,418.00,0.00
468,20/11/2020 12:00,100.65,31.91,69.17,0.17,292.50,653.17,0.00
469,20/11/2020 13:00,100.56,31.23,69.42,0.00,225.00,262.83,0.00
470,20/11/2020 14:00,100.45,30.76,75.42,0.07,135.00,365.00,0.00
471,20/11/2020 15:00,100.38,28.78,83.75,2.03,146.25,167.00,21.40
472,20/11/2020 16:00,100.43,25.31,96.00,0.54,292.50,26.75,2.00
473,20/11/2020 17:00,100.45,25.40,95.58,0.00,,18.08,0.00
474,20/11/2020 18:00,100.47,25.73,94.50,0.00,,6.83,0.00
475,20/11/2020 19:00,100.55,26.15,91.42,0.00,,0.00,0.00
476,20/11/2020 20:00,100.62,26.41,89.83,0.00,,0.00,0.00
477,20/11/2020 21:00,100.67,26.62,88.58,0.13,315.00,0.00,0.00
478,20/11/2020 22:00,100.68,26.46,90.00,0.00,315.00,0.00,0.00
479,20/11/2020 23:00,100.73,26.47,91.42,0.00,315.00,0.00,0.00
480,21/11/2020 0:00,100.73,26.55,90.27,0.04,315.00,0.00,0.00
481,21/11/2020 1:00,100.66,26.65,90.42,0.18,337.50,0.00,0.00
482,21/11/2020 2:00,100.58,26.31,92.58,0.31,337.50,0.00,0.00
483,21/11/2020 3:00,100.51,26.20,93.33,0.27,337.50,0.00,0.00
484,21/11/2020 4:00,100.48,26.33,92.75,0.11,315.00,0.00,0.00
485,21/11/2020 5:00,100.53,26.01,94.33,1.35,337.50,0.00,0.00
486,21/11/2020 6:00,100.59,25.82,93.33,0.50,315.00,0.00,0.00
487,21/11/2020 7:00,100.61,25.87,92.33,0.18,315.00,38.33,0.00
488,21/11/2020 8:00,100.71,26.68,90.83,0.07,315.00,151.58,0.00
489,21/11/2020 9:00,100.76,28.41,85.50,0.20,303.75,214.25,0.00
490,21/11/2020 10:00,100.80,30.13,75.92,0.18,292.50,643.92,0.00
491,21/11/2020 11:00,100.78,31.53,72.17,0.00,315.00,512.33,0.00
492,21/11/2020 12:00,100.76,28.95,81.08,0.55,157.50,87.50,36.00
493,21/11/2020 13:00,100.68,24.28,95.75,1.51,135.00,82.50,7.40
494,21/11/2020 14:00,100.54,25.91,91.75,0.93,191.25,207.08,0.20
495,21/11/2020 15:00,100.54,26.62,88.75,0.58,292.50,104.08,0.00
496,21/11/2020 16:00,100.55,25.14,94.67,0.35,292.50,6.00,1.80
497,21/11/2020 17:00,100.59,24.66,96.25,0.00,202.50,6.00,1.80
498,21/11/2020 18:00,100.65,24.70,95.83,1.03,292.50,2.33,0.20
499,21/11/2020 19:00,100.73,24.29,94.58,0.22,281.25,0.00,0.60
500,21/11/2020 20:00,100.80,24.28,94.25,0.21,292.50,0.00,0.40
501,21/11/2020 21:00,100.88,24.38,94.00,0.00,337.50,0.00,0.20
502,21/11/2020 22:00,100.91,24.43,93.50,0.00,,0.00,0.20
503,21/11/2020 23:00,100.89,24.65,93.58,0.10,270.00,0.00,0.00
504,22/11/2020 0:00,100.87,24.82,92.67,0.03,281.25,0.00,0.00
505,22/11/2020 1:00,100.84,24.78,93.67,0.03,315.00,0.00,0.00
506,22/11/2020 2:00,100.78,24.69,95.75,0.37,315.00,0.00,0.00
507,22/11/2020 3:00,100.67,24.68,95.33,0.07,315.00,0.00,0.00
508,22/11/2020 4:00,100.61,24.70,94.50,0.08,270.00,0.00,0.00
509,22/11/2020 5:00,100.61,24.93,92.75,0.37,270.00,0.00,0.00
510,22/11/2020 6:00,100.70,24.83,93.33,0.07,292.50,0.33,0.00
511,22/11/2020 7:00,100.79,25.09,93.08,0.00,,71.33,0.00
512,22/11/2020 8:00,100.85,26.74,88.00,0.07,292.50,184.25,0.00
513,22/11/2020 9:00,100.85,27.84,85.17,0.10,292.50,242.25,0.00
514,22/11/2020 10:00,100.81,28.68,81.83,0.03,281.25,397.33,0.00
515,22/11/2020 11:00,100.82,29.13,76.83,0.18,202.50,395.67,0.00
516,22/11/2020 12:00,100.78,31.08,70.50,0.00,292.50,648.67,0.00
517,22/11/2020 13:00,100.69,31.28,70.17,0.21,213.75,626.92,0.00
518,22/11/2020 14:00,100.55,30.24,74.75,0.66,180.00,441.83,0.00
519,22/11/2020 15:00,100.52,28.63,79.50,1.55,180.00,245.83,3.00
520,22/11/2020 16:00,100.55,23.63,96.67,3.29,337.50,6.42,15.60
521,22/11/2020 17:00,100.59,23.93,97.92,1.44,337.50,3.67,1.00
522,22/11/2020 18:00,100.61,24.25,97.33,0.03,303.75,0.00,1.80
523,22/11/2020 19:00,100.70,24.57,97.00,0.00,202.50,0.00,0.20
524,22/11/2020 20:00,100.83,24.73,96.50,0.00,202.50,0.00,0.00
525,22/11/2020 21:00,100.93,24.92,95.83,0.00,270.00,0.00,0.00
526,22/11/2020 22:00,100.95,25.02,93.67,0.00,270.00,0.00,0.00
527,22/11/2020 23:00,100.92,25.04,93.42,0.00,,0.00,0.00
528,23/11/2020 0:00,100.93,24.96,94.00,0.00,202.50,0.00,0.00
529,23/11/2020 1:00,100.87,24.90,94.17,0.07,247.50,0.00,0.00
530,23/11/2020 2:00,100.78,25.03,94.00,0.07,247.50,0.00,0.00
531,23/11/2020 3:00,100.71,25.05,95.25,0.28,292.50,0.00,0.00
532,23/11/2020 4:00,100.67,25.02,95.25,0.31,292.50,0.00,0.00
533,23/11/2020 5:00,100.70,24.87,95.00,0.11,281.25,0.00,0.00
534,23/11/2020 6:00,100.75,24.98,95.00,0.00,225.00,0.00,0.00
535,23/11/2020 7:00,100.84,25.21,94.50,0.00,292.50,37.83,0.00
536,23/11/2020 8:00,100.89,26.00,90.83,0.00,,128.00,0.00
537,23/11/2020 9:00,100.98,27.41,85.83,0.00,292.50,248.50,0.00
538,23/11/2020 10:00,101.01,28.87,79.25,0.03,258.75,364.50,0.20
539,23/11/2020 11:00,100.97,29.69,76.50,0.10,292.50,481.67,0.00
540,23/11/2020 12:00,100.88,29.23,76.92,0.00,292.50,409.92,0.00
541,23/11/2020 13:00,100.78,28.03,83.92,0.00,157.50,183.50,0.00
542,23/11/2020 14:00,100.68,26.67,88.92,0.25,180.00,70.83,0.40
543,23/11/2020 15:00,100.69,24.38,95.83,0.73,180.00,14.25,21.00
544,23/11/2020 16:00,100.63,24.05,98.00,0.33,180.00,18.58,1.40
545,23/11/2020 17:00,100.66,24.31,97.92,0.00,,18.08,0.20
546,23/11/2020 18:00,100.69,24.69,98.00,0.00,,17.17,0.00
547,23/11/2020 19:00,100.74,24.80,98.00,0.00,,0.00,0.00
548,23/11/2020 20:00,100.81,24.88,97.42,0.00,,0.00,0.00
549,23/11/2020 21:00,100.85,25.07,97.00,0.00,67.50,0.00,0.00
550,23/11/2020 22:00,100.87,25.23,96.58,0.00,,0.00,0.00
551,23/11/2020 23:00,100.86,25.10,96.00,0.00,,0.00,0.00
552,24/11/2020 0:00,100.84,25.17,95.67,0.00,,0.00,0.00
553,24/11/2020 1:00,100.81,25.33,95.08,0.00,236.25,0.00,0.00
554,24/11/2020 2:00,100.74,25.38,93.25,0.07,270.00,0.00,0.00
555,24/11/2020 3:00,100.66,25.18,94.42,0.07,202.50,0.00,0.00
556,24/11/2020 4:00,100.63,25.03,93.75,0.40,270.00,0.00,0.00
557,24/11/2020 5:00,100.67,25.12,91.75,0.58,270.00,0.00,0.00
558,24/11/2020 6:00,100.70,24.90,93.42,0.10,292.50,0.00,0.00
559,24/11/2020 7:00,100.76,24.98,93.08,0.13,292.50,28.67,0.00
560,24/11/2020 8:00,100.83,25.44,90.83,0.00,225.00,97.25,0.00
561,24/11/2020 9:00,100.91,26.28,88.00,0.00,225.00,182.75,0.20
562,24/11/2020 10:00,100.95,26.73,87.67,0.00,292.50,179.08,0.00
563,24/11/2020 11:00,100.92,26.14,91.33,0.00,315.00,201.67,0.00
564,24/11/2020 12:00,100.85,26.71,89.33,0.00,315.00,307.42,0.00
565,24/11/2020 13:00,100.75,27.62,84.08,0.00,315.00,259.75,0.00
566,24/11/2020 14:00,100.64,27.16,86.25,0.00,315.00,139.67,0.20
567,24/11/2020 15:00,100.57,26.95,85.92,0.00,,167.42,0.00
568,24/11/2020 16:00,100.55,27.61,85.08,0.00,303.75,301.50,0.00
569,24/11/2020 17:00,100.53,27.58,84.17,0.10,315.00,119.92,0.00
570,24/11/2020 18:00,100.57,26.79,86.00,0.28,292.50,17.00,0.00
571,24/11/2020 19:00,100.64,25.81,88.75,0.21,303.75,0.00,0.00
572,24/11/2020 20:00,100.72,25.53,89.33,0.00,315.00,0.00,0.00
573,24/11/2020 21:00,100.83,25.43,90.08,0.00,315.00,0.00,0.00
574,24/11/2020 22:00,100.85,25.34,91.75,0.03,292.50,0.00,0.00
575,24/11/2020 23:00,100.86,25.40,92.00,0.00,292.50,0.00,0.00
576,25/11/2020 0:00,100.81,25.23,92.75,0.03,292.50,0.00,0.00
577,25/11/2020 1:00,100.75,25.18,93.00,0.00,303.75,0.00,0.00
578,25/11/2020 2:00,100.66,25.19,92.83,0.00,292.50,0.00,0.00
579,25/11/2020 3:00,100.58,25.13,93.00,0.00,236.25,0.00,0.00
580,25/11/2020 4:00,100.55,24.93,94.33,0.03,292.50,0.00,0.00
581,25/11/2020 5:00,100.61,24.85,94.67,0.08,292.50,0.00,0.00
582,25/11/2020 6:00,100.66,24.66,95.08,0.11,292.50,0.00,0.00
583,25/11/2020 7:00,100.76,24.79,95.00,0.07,202.50,33.17,0.00
584,25/11/2020 8:00,100.82,25.28,93.33,0.00,315.00,101.08,0.00
585,25/11/2020 9:00,100.89,26.36,88.83,0.00,315.00,196.08,0.00
586,25/11/2020 10:00,100.87,26.83,86.42,0.00,337.50,245.67,0.00
587,25/11/2020 11:00,100.84,26.85,86.92,0.07,315.00,193.50,0.00
588,25/11/2020 12:00,100.77,26.84,86.83,0.51,337.50,239.08,0.00
589,25/11/2020 13:00,100.64,27.04,87.83,0.11,326.25,209.75,0.00
590,25/11/2020 14:00,100.56,27.75,86.50,0.03,315.00,249.92,0.00
591,25/11/2020 15:00,100.48,28.83,81.75,0.07,315.00,354.83,0.00
592,25/11/2020 16:00,100.44,29.56,77.92,0.00,180.00,260.75,0.00
593,25/11/2020 17:00,100.45,29.27,78.92,0.00,292.50,108.67,0.00
594,25/11/2020 18:00,100.49,28.61,82.67,0.00,56.25,21.67,0.00
595,25/11/2020 19:00,100.55,27.55,87.08,0.03,292.50,0.00,0.00
596,25/11/2020 20:00,100.62,26.23,92.00,0.00,281.25,0.00,0.80
597,25/11/2020 21:00,100.68,26.18,92.92,0.10,315.00,0.00,0.00
598,25/11/2020 22:00,100.76,25.88,92.92,0.00,315.00,0.00,0.00
599,25/11/2020 23:00,100.82,25.70,92.58,0.00,315.00,0.00,0.00
600,26/11/2020 0:00,100.80,25.61,92.75,0.03,292.50,0.00,0.00
601,26/11/2020 1:00,100.73,25.39,92.08,0.17,315.00,0.00,0.00
602,26/11/2020 2:00,100.64,25.18,92.42,0.68,326.25,0.00,0.00
603,26/11/2020 3:00,100.58,25.23,91.83,0.00,292.50,0.00,0.00
604,26/11/2020 4:00,100.55,25.21,92.00,0.23,315.00,0.00,0.00
605,26/11/2020 5:00,100.51,24.95,93.00,0.73,303.75,0.00,0.00
606,26/11/2020 6:00,100.57,25.08,92.83,0.43,292.50,0.00,0.00
607,26/11/2020 7:00,100.65,25.34,91.58,0.48,315.00,35.92,0.00
608,26/11/2020 8:00,100.76,25.97,89.83,0.07,292.50,90.83,0.00
609,26/11/2020 9:00,100.86,26.28,88.42,0.00,315.00,68.67,0.00
610,26/11/2020 10:00,100.90,26.20,89.33,0.00,202.50,63.25,0.40
611,26/11/2020 11:00,100.88,25.78,92.42,0.00,191.25,72.00,0.80
612,26/11/2020 12:00,100.83,25.95,93.50,0.00,213.75,99.50,0.40
613,26/11/2020 13:00,100.73,25.73,94.58,0.00,202.50,139.00,0.00
614,26/11/2020 14:00,100.62,26.11,91.92,0.00,213.75,178.25,0.00
615,26/11/2020 15:00,100.51,26.64,90.67,0.00,270.00,199.75,0.00
616,26/11/2020 16:00,100.47,27.13,89.33,0.29,315.00,298.00,0.20
617,26/11/2020 17:00,100.49,27.18,89.17,0.18,337.50,126.08,0.00
618,26/11/2020 18:00,100.51,26.93,89.83,0.54,337.50,27.00,0.00
619,26/11/2020 19:00,100.59,26.52,91.08,0.36,326.25,0.00,0.00
620,26/11/2020 20:00,100.70,26.26,92.58,0.47,315.00,0.00,0.00
621,26/11/2020 21:00,100.78,25.95,94.00,1.33,337.50,0.00,0.00
622,26/11/2020 22:00,100.83,25.69,94.00,1.03,315.00,0.00,0.00
623,26/11/2020 23:00,100.85,25.60,94.33,1.09,315.00,0.00,0.00
624,27/11/2020 0:00,100.84,25.51,95.00,0.70,337.50,0.00,0.00
625,27/11/2020 1:00,100.80,25.44,95.75,0.98,326.25,0.00,0.00
626,27/11/2020 2:00,100.73,25.33,96.00,1.24,337.50,0.00,0.00
627,27/11/2020 3:00,100.63,25.33,96.00,0.83,315.00,0.00,0.00
628,27/11/2020 4:00,100.58,25.35,96.00,0.28,315.00,0.00,0.00
629,27/11/2020 5:00,100.58,25.37,95.42,0.00,0.00,0.00,0.00
630,27/11/2020 6:00,100.60,25.28,96.00,0.13,303.75,0.00,0.00
631,27/11/2020 7:00,100.68,25.41,95.50,0.14,315.00,24.67,0.00
632,27/11/2020 8:00,100.80,25.86,94.58,0.03,315.00,72.50,0.00
633,27/11/2020 9:00,100.88,26.49,93.17,0.17,315.00,121.75,0.20
634,27/11/2020 10:00,100.88,27.80,89.08,0.18,315.00,317.33,0.00
635,27/11/2020 11:00,100.87,28.84,82.08,0.13,315.00,348.67,0.00
636,27/11/2020 12:00,100.79,29.72,77.58,0.07,0.00,423.17,0.00
637,27/11/2020 13:00,100.68,30.07,76.75,0.00,135.00,385.58,0.00
638,27/11/2020 14:00,100.61,30.49,73.92,0.03,135.00,544.83,0.00
639,27/11/2020 15:00,100.54,31.06,70.33,0.00,112.50,571.25,0.00
640,27/11/2020 16:00,100.48,31.07,67.08,0.00,135.00,389.83,0.00
641,27/11/2020 17:00,100.51,29.70,77.17,0.00,90.00,175.25,0.00
642,27/11/2020 18:00,100.60,28.79,81.33,0.00,45.00,42.50,0.00
643,27/11/2020 19:00,100.69,27.99,85.58,0.00,,0.00,0.00
644,27/11/2020 20:00,100.77,27.80,85.83,0.03,315.00,0.00,0.00
645,27/11/2020 21:00,100.83,27.34,88.08,0.00,22.50,0.00,0.00
646,27/11/2020 22:00,100.87,27.16,88.50,0.10,337.50,0.00,0.00
647,27/11/2020 23:00,100.90,26.78,90.50,0.03,337.50,0.00,0.00
648,28/11/2020 0:00,100.87,26.54,91.00,0.23,337.50,0.00,0.00
649,28/11/2020 1:00,100.82,26.38,91.67,0.07,315.00,0.00,0.00
650,28/11/2020 2:00,100.74,26.19,92.58,0.24,337.50,0.00,0.00
651,28/11/2020 3:00,100.68,25.93,93.00,0.00,337.50,0.00,0.00
652,28/11/2020 4:00,100.69,25.89,93.00,0.00,,0.00,0.00
653,28/11/2020 5:00,100.71,26.11,93.25,0.00,315.00,0.00,0.00
654,28/11/2020 6:00,100.76,25.48,92.17,0.10,258.75,0.00,0.80
655,28/11/2020 7:00,100.86,24.08,92.42,0.00,,14.58,0.00
656,28/11/2020 8:00,100.93,24.24,91.75,0.00,,49.58,0.00
657,28/11/2020 9:00,100.95,24.74,90.50,0.00,,83.92,0.00
658,28/11/2020 10:00,100.97,25.05,91.25,0.00,,99.08,0.00
659,28/11/2020 11:00,100.93,26.12,88.42,0.00,,211.08,0.00
660,28/11/2020 12:00,100.90,26.94,84.25,0.00,315.00,291.17,0.20
661,28/11/2020 13:00,100.82,28.10,80.08,0.00,292.50,344.58,0.00
662,28/11/2020 14:00,100.72,28.30,81.08,0.00,,262.08,0.00
663,28/11/2020 15:00,100.61,28.52,79.67,0.00,,326.33,0.00
664,28/11/2020 16:00,100.56,28.07,82.42,0.03,180.00,258.08,0.00
665,28/11/2020 17:00,100.58,28.00,82.83,0.00,157.50,109.25,0.00
666,28/11/2020 18:00,100.60,27.89,83.67,0.00,270.00,35.67,0.00
667,28/11/2020 19:00,100.67,27.10,85.75,0.00,270.00,0.00,0.00
668,28/11/2020 20:00,100.76,26.79,84.92,0.00,270.00,0.00,0.00
669,28/11/2020 21:00,100.88,26.79,86.25,0.00,,0.00,0.00
670,28/11/2020 22:00,100.93,26.36,89.58,0.00,22.50,0.00,0.00
671,28/11/2020 23:00,100.96,26.12,91.00,0.00,168.75,0.00,0.00
672,29/11/2020 0:00,100.90,25.93,91.00,0.00,247.50,0.00,0.00
673,29/11/2020 1:00,100.80,25.72,91.25,0.00,315.00,0.00,0.00
674,29/11/2020 2:00,100.77,25.61,91.08,0.00,,0.00,0.00
675,29/11/2020 3:00,100.73,25.71,89.58,0.00,292.50,0.00,0.00
676,29/11/2020 4:00,100.72,25.43,88.92,0.00,270.00,0.00,0.00
677,29/11/2020 5:00,100.71,25.39,89.67,0.00,,0.00,0.00
678,29/11/2020 6:00,100.74,25.30,91.17,0.00,292.50,0.00,0.00
679,29/11/2020 7:00,100.80,25.26,90.25,0.00,281.25,33.08,0.00
680,29/11/2020 8:00,100.88,25.68,88.58,0.00,292.50,118.67,0.00
681,29/11/2020 9:00,100.92,27.08,83.42,0.00,292.50,243.33,0.00
682,29/11/2020 10:00,100.92,28.32,78.33,0.07,292.50,379.17,0.00
683,29/11/2020 11:00,100.88,29.14,74.42,0.10,292.50,429.50,0.00
684,29/11/2020 12:00,100.82,29.88,71.42,0.03,292.50,490.50,0.00
685,29/11/2020 13:00,100.73,30.79,68.92,0.03,292.50,658.00,0.00
686,29/11/2020 14:00,100.63,31.43,67.83,0.00,270.00,493.17,0.00
687,29/11/2020 15:00,100.55,30.89,69.58,0.00,270.00,277.00,0.00
688,29/11/2020 16:00,100.48,30.92,70.25,0.00,292.50,310.17,0.00
689,29/11/2020 17:00,100.45,30.53,69.42,0.00,292.50,106.92,0.00
690,29/11/2020 18:00,100.47,29.74,71.33,0.00,,25.50,0.00
691,29/11/2020 19:00,100.55,29.07,75.92,0.00,,0.00,0.00
692,29/11/2020 20:00,100.68,28.42,79.92,0.00,326.25,0.00,0.00
693,29/11/2020 21:00,100.79,27.69,84.75,0.03,315.00,0.00,0.00
694,29/11/2020 22:00,100.82,27.38,84.00,0.00,337.50,0.00,0.00
695,29/11/2020 23:00,100.81,26.99,86.58,0.00,315.00,0.00,0.00
696,30/11/2020 0:00,100.78,26.77,87.17,0.00,326.25,0.00,0.00
697,30/11/2020 1:00,100.76,26.67,86.83,0.00,337.50,0.00,0.00
698,30/11/2020 2:00,100.71,26.43,87.17,0.00,337.50,0.00,0.00
699,30/11/2020 3:00,100.65,26.33,87.08,0.00,,0.00,0.00
700,30/11/2020 4:00,100.60,26.30,87.00,0.00,315.00,0.00,0.00
701,30/11/2020 5:00,100.57,26.19,88.17,0.00,315.00,0.00,0.00
702,30/11/2020 6:00,100.59,26.13,88.83,0.00,337.50,0.08,0.00
703,30/11/2020 7:00,100.67,26.37,88.00,0.00,337.50,44.92,0.00
704,30/11/2020 8:00,100.75,27.42,85.58,0.00,315.00,134.33,0.00
705,30/11/2020 9:00,100.79,29.18,79.25,0.00,315.00,192.67,0.00
706,30/11/2020 10:00,100.82,30.26,74.92,0.00,,601.17,0.00
707,30/11/2020 11:00,100.79,31.64,68.42,0.00,,353.17,0.00
708,30/11/2020 12:00,100.71,29.58,77.92,0.17,157.50,96.75,0.00
709,30/11/2020 13:00,100.65,28.19,86.50,0.46,157.50,74.33,0.00
710,30/11/2020 14:00,100.56,27.34,89.92,0.03,45.00,34.67,0.20
711,30/11/2020 15:00,100.46,27.46,89.75,0.00,22.50,136.08,0.00
712,30/11/2020 16:00,100.44,27.94,87.58,0.00,56.25,123.58,0.00
713,30/11/2020 17:00,100.46,27.92,87.92,0.00,45.00,71.33,0.00
714,30/11/2020 18:00,100.53,27.70,88.50,0.00,0.00,22.33,0.00
715,30/11/2020 19:00,100.57,27.22,88.67,0.00,0.00,0.00,0.00
716,30/11/2020 20:00,100.66,27.07,90.33,0.00,0.00,0.00,0.00
717,30/11/2020 21:00,100.76,26.84,91.83,0.00,315.00,0.00,0.00
718,30/11/2020 22:00,100.80,26.70,89.58,0.00,315.00,0.00,0.00
719,30/11/2020 23:00,100.81,26.53,90.50,0.00,337.50,0.00,0.00
